<drugbank>
  <drug>
    <name>Codeine</name>
    <description>Lorem ipsum dolor sit amet, consectetur adipiscing elit, sed do eiusmod tempor incididunt ut labore et dolore magna aliqua. Elit eget gravida cum sociis. Tortor pretium viverra suspendisse potenti. Diam quis enim lobortis scelerisque fermentum. Est ante in nibh mauris cursus mattis molestie.</description>
    <international-brands>
      <international-brand>
        <name>Codeine BRAND</name>
        <company>COMPANY</company>
      </international-brand>
    </international-brands>
    <external-identifiers>
      <external-identifier>
        <resource>PharmGKB</resource>
        <identifier>PA449088</identifier>
      </external-identifier>
      <external-identifier>
        <resource>RxCUI</resource>
        <identifier>2670</identifier>
      </external-identifier>
    </external-identifiers>
  </drug>
  <drug>
    <name>Clopidogrel</name>
    <description>Lorem ipsum dolor sit amet, consectetur adipiscing elit, sed do eiusmod tempor incididunt ut labore et dolore magna aliqua. Elit eget gravida cum sociis. Tortor pretium viverra suspendisse potenti. Diam quis enim lobortis scelerisque fermentum. Est ante in nibh mauris cursus mattis molestie.</description>
    <international-brands>
      <international-brand>
        <name>Clopidogrel BRAND 1</name>
        <company>COMPANY 1</company>
      </international-brand>
      <international-brand>
        <name>Clopidogrel BRAND 2</name>
        <company>COMPANY 2</company>
      </international-brand>
    </international-brands>
    <external-identifiers>
      <external-identifier>
        <resource>RxCUI</resource>
        <identifier>32968</identifier>
      </external-identifier>
    </external-identifiers>
  </drug>
  <drug>
    <name>Not Codeine</name>
    <description>Lorem ipsum dolor sit amet, consectetur adipiscing elit, sed do eiusmod tempor incididunt ut labore et dolore magna aliqua. Elit eget gravida cum sociis. Tortor pretium viverra suspendisse potenti. Diam quis enim lobortis scelerisque fermentum. Est ante in nibh mauris cursus mattis molestie.</description>
    <international-brands>
      <international-brand>
        <name>Codeine BRAND 1</name>
        <company>COMPANY 1</company>
      </international-brand>
      <international-brand>
        <name>Codeine BRAND 2</name>
        <company>COMPANY 2</company>
      </international-brand>
    </international-brands>
    <external-identifiers>
      <external-identifier>
        <resource>RxCUI</resource>
        <identifier>1</identifier>
      </external-identifier>
    </external-identifiers>
  </drug>
</drugbank>